,PassengerId,Survived,Pclass,Name,Sex,Age,SibSp,Parch,Ticket,Fare,Cabin,Embarked
53,54,1,2,"Faunthorpe, Mrs. Lizzie (Elizabeth Anne Wilkinson)",female,29.0,1,0,2926,26.0,,S
389,390,1,2,"Lehmann, Miss. Bertha",female,17.0,0,0,SC 1748,12.0,,C
433,434,0,3,"Kallio, Mr. Nikolai Erland",male,17.0,0,0,STON/O 2. 3101274,7.125,,S
351,352,0,1,"Williams-Lambert, Mr. Fletcher Fellows",male,,0,0,113510,35.0,C128,S
294,295,0,3,"Mineff, Mr. Ivan",male,24.0,0,0,349233,7.8958,,S
48,49,0,3,"Samaan, Mr. Youssef",male,,2,0,2662,21.6792,,C
465,466,0,3,"Goncalves, Mr. Manuel Estanslas",male,38.0,0,0,SOTON/O.Q. 3101306,7.05,,S
286,287,1,3,"de Mulder, Mr. Theodore",male,30.0,0,0,345774,9.5,,S
378,379,0,3,"Betros, Mr. Tannous",male,20.0,0,0,2648,4.0125,,C
551,552,0,2,"Sharp, Mr. Percival James R",male,27.0,0,0,244358,26.0,,S
144,145,0,2,"Andrew, Mr. Edgardo Samuel",male,18.0,0,0,231945,11.5,,S
422,423,0,3,"Zimmerman, Mr. Leo",male,29.0,0,0,315082,7.875,,S
288,289,1,2,"Hosono, Mr. Masabumi",male,42.0,0,0,237798,13.0,,S
270,271,0,1,"Cairns, Mr. Alexander",male,,0,0,113798,31.0,,S
342,343,0,2,"Collander, Mr. Erik Gustaf",male,28.0,0,0,248740,13.0,,S
55,56,1,1,"Woolner, Mr. Hugh",male,,0,0,19947,35.5,C52,S
648,649,0,3,"Willey, Mr. Edward",male,,0,0,S.O./P.P. 751,7.55,,S
780,781,1,3,"Ayoub, Miss. Banoura",female,13.0,0,0,2687,7.2292,,C
108,109,0,3,"Rekic, Mr. Tido",male,38.0,0,0,349249,7.8958,,S
173,174,0,3,"Sivola, Mr. Antti Wilhelm",male,21.0,0,0,STON/O 2. 3101280,7.925,,S
386,387,0,3,"Goodwin, Master. Sidney Leonard",male,1.0,5,2,CA 2144,46.9,,S
810,811,0,3,"Alexander, Mr. William",male,26.0,0,0,3474,7.8875,,S
556,557,1,1,"Duff Gordon, Lady. (Lucille Christiana Sutherland) (""Mrs Morgan"")",female,48.0,1,0,11755,39.6,A16,C
757,758,0,2,"Bailey, Mr. Percy Andrew",male,18.0,0,0,29108,11.5,,S
680,681,0,3,"Peters, Miss. Katie",female,,0,0,330935,8.1375,,Q
26,27,0,3,"Emir, Mr. Farred Chehab",male,,0,0,2631,7.225,,C
867,868,0,1,"Roebling, Mr. Washington Augustus II",male,31.0,0,0,PC 17590,50.4958,A24,S
455,456,1,3,"Jalsevac, Mr. Ivan",male,29.0,0,0,349240,7.8958,,C
13,14,0,3,"Andersson, Mr. Anders Johan",male,39.0,1,5,347082,31.275,,S
317,318,0,2,"Moraweck, Dr. Ernest",male,54.0,0,0,29011,14.0,,S
453,454,1,1,"Goldenberg, Mr. Samuel L",male,49.0,1,0,17453,89.1042,C92,C
518,519,1,2,"Angle, Mrs. William A (Florence ""Mary"" Agnes Hughes)",female,36.0,1,0,226875,26.0,,S
430,431,1,1,"Bjornstrom-Steffansson, Mr. Mauritz Hakan",male,28.0,0,0,110564,26.55,C52,S
362,363,0,3,"Barbara, Mrs. (Catherine David)",female,45.0,0,1,2691,14.4542,,C
246,247,0,3,"Lindahl, Miss. Agda Thorilda Viktoria",female,25.0,0,0,347071,7.775,,S
853,854,1,1,"Lines, Miss. Mary Conover",female,16.0,0,1,PC 17592,39.4,D28,S
871,872,1,1,"Beckwith, Mrs. Richard Leonard (Sallie Monypeny)",female,47.0,1,1,11751,52.5542,D35,S
236,237,0,2,"Hold, Mr. Stephen",male,44.0,1,0,26707,26.0,,S
247,248,1,2,"Hamalainen, Mrs. William (Anna)",female,24.0,0,2,250649,14.5,,S
722,723,0,2,"Gillespie, Mr. William Henry",male,34.0,0,0,12233,13.0,,S
456,457,0,1,"Millet, Mr. Francis Davis",male,65.0,0,0,13509,26.55,E38,S
584,585,0,3,"Paulner, Mr. Uscher",male,,0,0,3411,8.7125,,C
216,217,1,3,"Honkanen, Miss. Eliina",female,27.0,0,0,STON/O2. 3101283,7.925,,S
175,176,0,3,"Klasen, Mr. Klas Albin",male,18.0,1,1,350404,7.8542,,S
359,360,1,3,"Mockler, Miss. Helen Mary ""Ellie""",female,,0,0,330980,7.8792,,Q
604,605,1,1,"Homer, Mr. Harry (""Mr E Haven"")",male,35.0,0,0,111426,26.55,,C
659,660,0,1,"Newell, Mr. Arthur Webster",male,58.0,0,2,35273,113.275,D48,C
67,68,0,3,"Crease, Mr. Ernest James",male,19.0,0,0,S.P. 3464,8.1583,,S
69,70,0,3,"Kink, Mr. Vincenz",male,26.0,2,0,315151,8.6625,,S
277,278,0,2,"Parkes, Mr. Francis ""Frank""",male,,0,0,239853,0.0,,S
644,645,1,3,"Baclini, Miss. Eugenie",female,0.75,2,1,2666,19.2583,,C
624,625,0,3,"Bowen, Mr. David John ""Dai""",male,21.0,0,0,54636,16.1,,S
226,227,1,2,"Mellors, Mr. William John",male,19.0,0,0,SW/PP 751,10.5,,S
643,644,1,3,"Foo, Mr. Choong",male,,0,0,1601,56.4958,,S
74,75,1,3,"Bing, Mr. Lee",male,32.0,0,0,1601,56.4958,,S
589,590,0,3,"Murdlin, Mr. Joseph",male,,0,0,A./5. 3235,8.05,,S
515,516,0,1,"Walker, Mr. William Anderson",male,47.0,0,0,36967,34.0208,D46,S
130,131,0,3,"Drazenoic, Mr. Jozef",male,33.0,0,0,349241,7.8958,,C
186,187,1,3,"O'Brien, Mrs. Thomas (Johanna ""Hannah"" Godfrey)",female,,1,0,370365,15.5,,Q
702,703,0,3,"Barbara, Miss. Saiide",female,18.0,0,1,2691,14.4542,,C
326,327,0,3,"Nysveen, Mr. Johan Hansen",male,61.0,0,0,345364,6.2375,,S
21,22,1,2,"Beesley, Mr. Lawrence",male,34.0,0,0,248698,13.0,D56,S
578,579,0,3,"Caram, Mrs. Joseph (Maria Elias)",female,,1,0,2689,14.4583,,C
394,395,1,3,"Sandstrom, Mrs. Hjalmar (Agnes Charlotta Bengtsson)",female,24.0,0,2,PP 9549,16.7,G6,S
381,382,1,3,"Nakid, Miss. Maria (""Mary"")",female,1.0,0,2,2653,15.7417,,C
63,64,0,3,"Skoog, Master. Harald",male,4.0,3,2,347088,27.9,,S
43,44,1,2,"Laroche, Miss. Simonne Marie Anne Andree",female,3.0,1,2,SC/Paris 2123,41.5792,,C
793,794,0,1,"Hoyt, Mr. William Fisher",male,,0,0,PC 17600,30.6958,,C
754,755,1,2,"Herman, Mrs. Samuel (Jane Laver)",female,48.0,1,2,220845,65.0,,S
582,583,0,2,"Downton, Mr. William James",male,54.0,0,0,28403,26.0,,S
459,460,0,3,"O'Connor, Mr. Maurice",male,,0,0,371060,7.75,,Q
