,PassengerId,Survived,Pclass,Name,Sex,Age,SibSp,Parch,Ticket,Fare,Cabin,Embarked
633,634,0,1,"Parr, Mr. William Henry Marsh",male,,0,0,112052,0.0,,S
154,155,0,3,"Olsen, Mr. Ole Martin",male,,0,0,Fa 265302,7.3125,,S
54,55,0,1,"Ostby, Mr. Engelhart Cornelius",male,65.0,0,1,113509,61.9792,B30,C
356,357,1,1,"Bowerman, Miss. Elsie Edith",female,22.0,0,1,113505,55.0,E33,S
133,134,1,2,"Weisz, Mrs. Leopold (Mathilde Francoise Pede)",female,29.0,1,0,228414,26.0,,S
571,572,1,1,"Appleton, Mrs. Edward Dale (Charlotte Lamson)",female,53.0,2,0,11769,51.4792,C101,S
872,873,0,1,"Carlsson, Mr. Frans Olof",male,33.0,0,0,695,5.0,B51 B53 B55,S
365,366,0,3,"Adahl, Mr. Mauritz Nils Martin",male,30.0,0,0,C 7076,7.25,,S
801,802,1,2,"Collyer, Mrs. Harvey (Charlotte Annie Tate)",female,31.0,1,1,C.A. 31921,26.25,,S
843,844,0,3,"Lemberopolous, Mr. Peter L",male,34.5,0,0,2683,6.4375,,C
627,628,1,1,"Longley, Miss. Gretchen Fiske",female,21.0,0,0,13502,77.9583,D9,S
796,797,1,1,"Leader, Dr. Alice (Farnham)",female,49.0,0,0,17465,25.9292,D17,S
590,591,0,3,"Rintamaki, Mr. Matti",male,35.0,0,0,STON/O 2. 3101273,7.125,,S
343,344,0,2,"Sedgwick, Mr. Charles Frederick Waddington",male,25.0,0,0,244361,13.0,,S
495,496,0,3,"Yousseff, Mr. Gerious",male,,0,0,2627,14.4583,,C
421,422,0,3,"Charters, Mr. David",male,21.0,0,0,A/5. 13032,7.7333,,Q
742,743,1,1,"Ryerson, Miss. Susan Parker ""Suzette""",female,21.0,2,2,PC 17608,262.375,B57 B59 B63 B66,C
75,76,0,3,"Moen, Mr. Sigurd Hansen",male,25.0,0,0,348123,7.65,F G73,S
361,362,0,2,"del Carlo, Mr. Sebastiano",male,29.0,1,0,SC/PARIS 2167,27.7208,,C
671,672,0,1,"Davidson, Mr. Thornton",male,31.0,1,0,F.C. 12750,52.0,B71,S
34,35,0,1,"Meyer, Mr. Edgar Joseph",male,28.0,1,0,PC 17604,82.1708,,C
740,741,1,1,"Hawksford, Mr. Walter James",male,,0,0,16988,30.0,D45,S
111,112,0,3,"Zabour, Miss. Hileni",female,14.5,1,0,2665,14.4542,,C
762,763,1,3,"Barah, Mr. Hanna Assi",male,20.0,0,0,2663,7.2292,,C
498,499,0,1,"Allison, Mrs. Hudson J C (Bessie Waldo Daniels)",female,25.0,1,2,113781,151.55,C22 C26,S
548,549,0,3,"Goldsmith, Mr. Frank John",male,33.0,1,1,363291,20.525,,S
828,829,1,3,"McCormack, Mr. Thomas Joseph",male,,0,0,367228,7.75,,Q
266,267,0,3,"Panula, Mr. Ernesti Arvid",male,16.0,4,1,3101295,39.6875,,S
281,282,0,3,"Olsson, Mr. Nils Johan Goransson",male,28.0,0,0,347464,7.8542,,S
599,600,1,1,"Duff Gordon, Sir. Cosmo Edmund (""Mr Morgan"")",male,49.0,1,0,PC 17485,56.9292,A20,C
461,462,0,3,"Morley, Mr. William",male,34.0,0,0,364506,8.05,,S
262,263,0,1,"Taussig, Mr. Emil",male,52.0,1,1,110413,79.65,E67,S
99,100,0,2,"Kantor, Mr. Sinai",male,34.0,1,0,244367,26.0,,S
206,207,0,3,"Backstrom, Mr. Karl Alfred",male,32.0,1,0,3101278,15.85,,S
856,857,1,1,"Wick, Mrs. George Dennick (Mary Hitchcock)",female,45.0,1,1,36928,164.8667,,S
873,874,0,3,"Vander Cruyssen, Mr. Victor",male,47.0,0,0,345765,9.0,,S
211,212,1,2,"Cameron, Miss. Clear Annie",female,35.0,0,0,F.C.C. 13528,21.0,,S
434,435,0,1,"Silvey, Mr. William Baird",male,50.0,1,0,13507,55.9,E44,S
45,46,0,3,"Rogers, Mr. William John",male,,0,0,S.C./A.4. 23567,8.05,,S
454,455,0,3,"Peduzzi, Mr. Joseph",male,,0,0,A/5 2817,8.05,,S
341,342,1,1,"Fortune, Miss. Alice Elizabeth",female,24.0,3,2,19950,263.0,C23 C25 C27,S
46,47,0,3,"Lennon, Mr. Denis",male,,1,0,370371,15.5,,Q
763,764,1,1,"Carter, Mrs. William Ernest (Lucile Polk)",female,36.0,1,2,113760,120.0,B96 B98,S
163,164,0,3,"Calic, Mr. Jovo",male,17.0,0,0,315093,8.6625,,S
668,669,0,3,"Cook, Mr. Jacob",male,43.0,0,0,A/5 3536,8.05,,S
420,421,0,3,"Gheorgheff, Mr. Stanio",male,,0,0,349254,7.8958,,C
425,426,0,3,"Wiseman, Mr. Phillippe",male,,0,0,A/4. 34244,7.25,,S
311,312,1,1,"Ryerson, Miss. Emily Borie",female,18.0,2,2,PC 17608,262.375,B57 B59 B63 B66,C
766,767,0,1,"Brewe, Dr. Arthur Jackson",male,,0,0,112379,39.6,,C
882,883,0,3,"Dahlberg, Miss. Gerda Ulrika",female,22.0,0,0,7552,10.5167,,S
585,586,1,1,"Taussig, Miss. Ruth",female,18.0,0,2,110413,79.65,E68,S
537,538,1,1,"LeRoy, Miss. Bertha",female,30.0,0,0,PC 17761,106.425,,C
607,608,1,1,"Daniel, Mr. Robert Williams",male,27.0,0,0,113804,30.5,,S
823,824,1,3,"Moor, Mrs. (Beila)",female,27.0,0,1,392096,12.475,E121,S
109,110,1,3,"Moran, Miss. Bertha",female,,1,0,371110,24.15,,Q
854,855,0,2,"Carter, Mrs. Ernest Courtenay (Lilian Hughes)",female,44.0,1,0,244252,26.0,,S
237,238,1,2,"Collyer, Miss. Marjorie ""Lottie""",female,8.0,0,2,C.A. 31921,26.25,,S
402,403,0,3,"Jussila, Miss. Mari Aina",female,21.0,1,0,4137,9.825,,S
784,785,0,3,"Ali, Mr. William",male,25.0,0,0,SOTON/O.Q. 3101312,7.05,,S
730,731,1,1,"Allen, Miss. Elisabeth Walton",female,29.0,0,0,24160,211.3375,B5,S
139,140,0,1,"Giglio, Mr. Victor",male,24.0,0,0,PC 17593,79.2,B86,C
661,662,0,3,"Badt, Mr. Mohamed",male,40.0,0,0,2623,7.225,,C
396,397,0,3,"Olsson, Miss. Elina",female,31.0,0,0,350407,7.8542,,S
408,409,0,3,"Birkeland, Mr. Hans Martin Monsen",male,21.0,0,0,312992,7.775,,S
785,786,0,3,"Harmer, Mr. Abraham (David Lishin)",male,25.0,0,0,374887,7.25,,S
446,447,1,2,"Mellinger, Miss. Madeleine Violet",female,13.0,0,1,250644,19.5,,S
733,734,0,2,"Berriman, Mr. William John",male,23.0,0,0,28425,13.0,,S
855,856,1,3,"Aks, Mrs. Sam (Leah Rosen)",female,18.0,0,1,392091,9.35,,S
713,714,0,3,"Larsson, Mr. August Viktor",male,29.0,0,0,7545,9.4833,,S
786,787,1,3,"Sjoblom, Miss. Anna Sofia",female,18.0,0,0,3101265,7.4958,,S
229,230,0,3,"Lefebre, Miss. Mathilde",female,,3,1,4133,25.4667,,S
