,PassengerId,Survived,Pclass,Name,Sex,Age,SibSp,Parch,Ticket,Fare,Cabin,Embarked
431,432,1,3,"Thorneycroft, Mrs. Percival (Florence Kate White)",female,,1,0,376564,16.1,,S
580,581,1,2,"Christy, Miss. Julie Rachel",female,25.0,1,1,237789,30.0,,S
529,530,0,2,"Hocking, Mr. Richard George",male,23.0,2,1,29104,11.5,,S
707,708,1,1,"Calderhead, Mr. Edward Pennington",male,42.0,0,0,PC 17476,26.2875,E24,S
615,616,1,2,"Herman, Miss. Alice",female,24.0,1,2,220845,65.0,,S
497,498,0,3,"Shellard, Mr. Frederick William",male,,0,0,C.A. 6212,15.1,,S
677,678,1,3,"Turja, Miss. Anna Sofia",female,18.0,0,0,4138,9.8417,,S
573,574,1,3,"Kelly, Miss. Mary",female,,0,0,14312,7.75,,Q
831,832,1,2,"Richards, Master. George Sibley",male,0.83,1,1,29106,18.75,,S
171,172,0,3,"Rice, Master. Arthur",male,4.0,4,1,382652,29.125,,Q
637,638,0,2,"Collyer, Mr. Harvey",male,31.0,1,1,C.A. 31921,26.25,,S
358,359,1,3,"McGovern, Miss. Mary",female,,0,0,330931,7.8792,,Q
747,748,1,2,"Sinkkonen, Miss. Anna",female,30.0,0,0,250648,13.0,,S
260,261,0,3,"Smith, Mr. Thomas",male,,0,0,384461,7.75,,Q
58,59,1,2,"West, Miss. Constance Mirium",female,5.0,1,2,C.A. 34651,27.75,,S
131,132,0,3,"Coelho, Mr. Domingos Fernandeo",male,20.0,0,0,SOTON/O.Q. 3101307,7.05,,S
710,711,1,1,"Mayne, Mlle. Berthe Antonine (""Mrs de Villiers"")",female,24.0,0,0,PC 17482,49.5042,C90,C
347,348,1,3,"Davison, Mrs. Thomas Henry (Mary E Finck)",female,,1,0,386525,16.1,,S
162,163,0,3,"Bengtsson, Mr. John Viktor",male,26.0,0,0,347068,7.775,,S
265,266,0,2,"Reeves, Mr. David",male,36.0,0,0,C.A. 17248,10.5,,S
349,350,0,3,"Dimic, Mr. Jovan",male,42.0,0,0,315088,8.6625,,S
779,780,1,1,"Robert, Mrs. Edward Scott (Elisabeth Walton McMillan)",female,43.0,0,1,24160,211.3375,B3,S
479,480,1,3,"Hirvonen, Miss. Hildur E",female,2.0,0,1,3101298,12.2875,,S
642,643,0,3,"Skoog, Miss. Margit Elizabeth",female,2.0,3,2,347088,27.9,,S
259,260,1,2,"Parrish, Mrs. (Lutie Davis)",female,50.0,0,1,230433,26.0,,S
773,774,0,3,"Elias, Mr. Dibo",male,,0,0,2674,7.225,,C
849,850,1,1,"Goldenberg, Mrs. Samuel L (Edwiga Grabowska)",female,,1,0,17453,89.1042,C92,C
157,158,0,3,"Corn, Mr. Harry",male,30.0,0,0,SOTON/OQ 392090,8.05,,S
193,194,1,2,"Navratil, Master. Michel M",male,3.0,1,1,230080,26.0,F2,S
526,527,1,2,"Ridsdale, Miss. Lucy",female,50.0,0,0,W./C. 14258,10.5,,S
764,765,0,3,"Eklund, Mr. Hans Linus",male,16.0,0,0,347074,7.775,,S
481,482,0,2,"Frost, Mr. Anthony Wood ""Archie""",male,,0,0,239854,0.0,,S
360,361,0,3,"Skoog, Mr. Wilhelm",male,40.0,1,4,347088,27.9,,S
605,606,0,3,"Lindell, Mr. Edvard Bengtsson",male,36.0,1,0,349910,15.55,,S
147,148,0,3,"Ford, Miss. Robina Maggie ""Ruby""",female,9.0,2,2,W./C. 6608,34.375,,S
192,193,1,3,"Andersen-Jensen, Miss. Carla Christine Nielsine",female,19.0,1,0,350046,7.8542,,S
191,192,0,2,"Carbines, Mr. William",male,19.0,0,0,28424,13.0,,S
610,611,0,3,"Andersson, Mrs. Anders Johan (Alfrida Konstantia Brogren)",female,39.0,1,5,347082,31.275,,S
6,7,0,1,"McCarthy, Mr. Timothy J",male,54.0,0,0,17463,51.8625,E46,S
879,880,1,1,"Potter, Mrs. Thomas Jr (Lily Alexenia Wilson)",female,56.0,0,1,11767,83.1583,C50,C
274,275,1,3,"Healy, Miss. Hanora ""Nora""",female,,0,0,370375,7.75,,Q
276,277,0,3,"Lindblom, Miss. Augusta Charlotta",female,45.0,0,0,347073,7.75,,S
816,817,0,3,"Heininen, Miss. Wendla Maria",female,23.0,0,0,STON/O2. 3101290,7.925,,S
690,691,1,1,"Dick, Mr. Albert Adrian",male,31.0,1,0,17474,57.0,B20,S
241,242,1,3,"Murphy, Miss. Katherine ""Kate""",female,,1,0,367230,15.5,,Q
553,554,1,3,"Leeni, Mr. Fahim (""Philip Zenni"")",male,22.0,0,0,2620,7.225,,C
821,822,1,3,"Lulic, Mr. Nikola",male,27.0,0,0,315098,8.6625,,S
594,595,0,2,"Chapman, Mr. John Henry",male,37.0,1,0,SC/AH 29037,26.0,,S
282,283,0,3,"de Pelsmaeker, Mr. Alfons",male,16.0,0,0,345778,9.5,,S
153,154,0,3,"van Billiard, Mr. Austin Blyler",male,40.5,0,2,A/5. 851,14.5,,S
287,288,0,3,"Naidenoff, Mr. Penko",male,22.0,0,0,349206,7.8958,,S
614,615,0,3,"Brocklebank, Mr. William Alfred",male,35.0,0,0,364512,8.05,,S
325,326,1,1,"Young, Miss. Marie Grice",female,36.0,0,0,PC 17760,135.6333,C32,C
189,190,0,3,"Turcin, Mr. Stjepan",male,36.0,0,0,349247,7.8958,,S
670,671,1,2,"Brown, Mrs. Thomas William Solomon (Elizabeth Catherine Ford)",female,40.0,1,1,29750,39.0,,S
541,542,0,3,"Andersson, Miss. Ingeborg Constanzia",female,9.0,4,2,347082,31.275,,S
167,168,0,3,"Skoog, Mrs. William (Anna Bernhardina Karlsson)",female,45.0,1,4,347088,27.9,,S
197,198,0,3,"Olsen, Mr. Karl Siegwart Andreas",male,42.0,0,1,4579,8.4042,,S
280,281,0,3,"Duane, Mr. Frank",male,65.0,0,0,336439,7.75,,Q
102,103,0,1,"White, Mr. Richard Frasar",male,21.0,0,1,35281,77.2875,D26,S
588,589,0,3,"Gilinski, Mr. Eliezer",male,22.0,0,0,14973,8.05,,S
222,223,0,3,"Green, Mr. George Henry",male,51.0,0,0,21440,8.05,,S
158,159,0,3,"Smiljanic, Mr. Mile",male,,0,0,315037,8.6625,,S
373,374,0,1,"Ringhini, Mr. Sante",male,22.0,0,0,PC 17760,135.6333,,C
256,257,1,1,"Thorne, Mrs. Gertrude Maybelle",female,,0,0,PC 17585,79.2,,C
858,859,1,3,"Baclini, Mrs. Solomon (Latifa Qurban)",female,24.0,0,3,2666,19.2583,,C
445,446,1,1,"Dodge, Master. Washington",male,4.0,0,2,33638,81.8583,A34,S
383,384,1,1,"Holverson, Mrs. Alexander Oskar (Mary Aline Towner)",female,35.0,1,0,113789,52.0,,S
673,674,1,2,"Wilhelms, Mr. Charles",male,31.0,0,0,244270,13.0,,S
570,571,1,2,"Harris, Mr. George",male,62.0,0,0,S.W./PP 752,10.5,,S
86,87,0,3,"Ford, Mr. William Neal",male,16.0,1,3,W./C. 6608,34.375,,S
