,PassengerId,Survived,Pclass,Name,Sex,Age,SibSp,Parch,Ticket,Fare,Cabin,Embarked
577,578,1,1,"Silvey, Mrs. William Baird (Alice Munger)",female,39.0,1,0,13507,55.9,E44,S
89,90,0,3,"Celotti, Mr. Francesco",male,24.0,0,0,343275,8.05,,S
269,270,1,1,"Bissette, Miss. Amelia",female,35.0,0,0,PC 17760,135.6333,C99,S
505,506,0,1,"Penasco y Castellana, Mr. Victor de Satode",male,18.0,1,0,PC 17758,108.9,C65,C
47,48,1,3,"O'Driscoll, Miss. Bridget",female,,0,0,14311,7.75,,Q
776,777,0,3,"Tobin, Mr. Roger",male,,0,0,383121,7.75,F38,Q
665,666,0,2,"Hickman, Mr. Lewis",male,32.0,2,0,S.O.C. 14879,73.5,,S
98,99,1,2,"Doling, Mrs. John T (Ada Julia Bone)",female,34.0,0,1,231919,23.0,,S
579,580,1,3,"Jussila, Mr. Eiriik",male,32.0,0,0,STON/O 2. 3101286,7.925,,S
23,24,1,1,"Sloper, Mr. William Thompson",male,28.0,0,0,113788,35.5,A6,S
688,689,0,3,"Fischer, Mr. Eberhard Thelander",male,18.0,0,0,350036,7.7958,,S
295,296,0,1,"Lewy, Mr. Ervin G",male,,0,0,PC 17612,27.7208,,C
473,474,1,2,"Jerwan, Mrs. Amin S (Marie Marthe Thuillard)",female,23.0,0,0,SC/AH Basle 541,13.7917,D,C
395,396,0,3,"Johansson, Mr. Erik",male,22.0,0,0,350052,7.7958,,S
149,150,0,2,"Byles, Rev. Thomas Roussel Davids",male,42.0,0,0,244310,13.0,,S
814,815,0,3,"Tomlin, Mr. Ernest Portage",male,30.5,0,0,364499,8.05,,S
187,188,1,1,"Romaine, Mr. Charles Hallace (""Mr C Rolmane"")",male,45.0,0,0,111428,26.55,,S
36,37,1,3,"Mamee, Mr. Hanna",male,,0,0,2677,7.2292,,C
813,814,0,3,"Andersson, Miss. Ebba Iris Alfrida",female,6.0,4,2,347082,31.275,,S
501,502,0,3,"Canavan, Miss. Mary",female,21.0,0,0,364846,7.75,,Q
705,706,0,2,"Morley, Mr. Henry Samuel (""Mr Henry Marshall"")",male,39.0,0,0,250655,26.0,,S
152,153,0,3,"Meo, Mr. Alfonzo",male,55.5,0,0,A.5. 11206,8.05,,S
344,345,0,2,"Fox, Mr. Stanley Hubert",male,36.0,0,0,229236,13.0,,S
639,640,0,3,"Thorneycroft, Mr. Percival",male,,1,0,376564,16.1,,S
611,612,0,3,"Jardin, Mr. Jose Neto",male,,0,0,SOTON/O.Q. 3101305,7.05,,S
729,730,0,3,"Ilmakangas, Miss. Pieta Sofia",female,25.0,1,0,STON/O2. 3101271,7.925,,S
576,577,1,2,"Garside, Miss. Ethel",female,34.0,0,0,243880,13.0,,S
407,408,1,2,"Richards, Master. William Rowe",male,3.0,1,1,29106,18.75,,S
674,675,0,2,"Watson, Mr. Ennis Hastings",male,,0,0,239856,0.0,,S
640,641,0,3,"Jensen, Mr. Hans Peder",male,20.0,0,0,350050,7.8542,,S
103,104,0,3,"Johansson, Mr. Gustaf Joel",male,33.0,0,0,7540,8.6542,,S
795,796,0,2,"Otter, Mr. Richard",male,39.0,0,0,28213,13.0,,S
340,341,1,2,"Navratil, Master. Edmond Roger",male,2.0,1,1,230080,26.0,F2,S
782,783,0,1,"Long, Mr. Milton Clyde",male,29.0,0,0,113501,30.0,D6,S
207,208,1,3,"Albimona, Mr. Nassef Cassem",male,26.0,0,0,2699,18.7875,,C
583,584,0,1,"Ross, Mr. John Hugo",male,36.0,0,0,13049,40.125,A10,C
657,658,0,3,"Bourke, Mrs. John (Catherine)",female,32.0,1,1,364849,15.5,,Q
159,160,0,3,"Sage, Master. Thomas Henry",male,,8,2,CA. 2343,69.55,,S
176,177,0,3,"Lefebre, Master. Henry Forbes",male,,3,1,4133,25.4667,,S
91,92,0,3,"Andreasson, Mr. Paul Edvin",male,20.0,0,0,347466,7.8542,,S
405,406,0,2,"Gale, Mr. Shadrach",male,34.0,1,0,28664,21.0,,S
27,28,0,1,"Fortune, Mr. Charles Alexander",male,19.0,3,2,19950,263.0,C23 C25 C27,S
509,510,1,3,"Lang, Mr. Fang",male,26.0,0,0,1601,56.4958,,S
79,80,1,3,"Dowdell, Miss. Elizabeth",female,30.0,0,0,364516,12.475,,S
214,215,0,3,"Kiernan, Mr. Philip",male,,1,0,367229,7.75,,Q
33,34,0,2,"Wheadon, Mr. Edward H",male,66.0,0,0,C.A. 24579,10.5,,S
66,67,1,2,"Nye, Mrs. (Elizabeth Ramell)",female,29.0,0,0,C.A. 29395,10.5,F33,S
836,837,0,3,"Pasic, Mr. Jakob",male,21.0,0,0,315097,8.6625,,S
129,130,0,3,"Ekstrom, Mr. Johan",male,45.0,0,0,347061,6.975,,S
20,21,0,2,"Fynney, Mr. Joseph J",male,35.0,0,0,239865,26.0,,S
841,842,0,2,"Mudd, Mr. Thomas Charles",male,16.0,0,0,S.O./P.P. 3,10.5,,S
363,364,0,3,"Asim, Mr. Adola",male,35.0,0,0,SOTON/O.Q. 3101310,7.05,,S
760,761,0,3,"Garfirth, Mr. John",male,,0,0,358585,14.5,,S
419,420,0,3,"Van Impe, Miss. Catharina",female,10.0,0,2,345773,24.15,,S
826,827,0,3,"Lam, Mr. Len",male,,0,0,1601,56.4958,,S
115,116,0,3,"Pekoniemi, Mr. Edvard",male,21.0,0,0,STON/O 2. 3101294,7.925,,S
83,84,0,1,"Carrau, Mr. Francisco M",male,28.0,0,0,113059,47.1,,S
819,820,0,3,"Skoog, Master. Karl Thorsten",male,10.0,3,2,347088,27.9,,S
138,139,0,3,"Osen, Mr. Olaf Elon",male,16.0,0,0,7534,9.2167,,S
660,661,1,1,"Frauenthal, Dr. Henry William",male,50.0,2,0,PC 17611,133.65,,S
731,732,0,3,"Hassan, Mr. Houssein G N",male,11.0,0,0,2699,18.7875,,C
178,179,0,2,"Hale, Mr. Reginald",male,30.0,0,0,250653,13.0,,S
612,613,1,3,"Murphy, Miss. Margaret Jane",female,,1,0,367230,15.5,,Q
487,488,0,1,"Kent, Mr. Edward Austin",male,58.0,0,0,11771,29.7,B37,C
478,479,0,3,"Karlsson, Mr. Nils August",male,22.0,0,0,350060,7.5208,,S
100,101,0,3,"Petranec, Miss. Matilda",female,28.0,0,0,349245,7.8958,,S
440,441,1,2,"Hart, Mrs. Benjamin (Esther Ada Bloomfield)",female,45.0,1,1,F.C.C. 13529,26.25,,S
409,410,0,3,"Lefebre, Miss. Ida",female,,3,1,4133,25.4667,,S
622,623,1,3,"Nakid, Mr. Sahid",male,20.0,1,1,2653,15.7417,,C
38,39,0,3,"Vander Planke, Miss. Augusta Maria",female,18.0,2,0,345764,18.0,,S
374,375,0,3,"Palsson, Miss. Stina Viola",female,3.0,3,1,349909,21.075,,S
