,PassengerId,Survived,Pclass,Name,Sex,Age,SibSp,Parch,Ticket,Fare,Cabin,Embarked
263,264,0,1,"Harrison, Mr. William",male,40.0,0,0,112059,0.0,B94,S
562,563,0,2,"Norman, Mr. Robert Douglas",male,28.0,0,0,218629,13.5,,S
235,236,0,3,"Harknett, Miss. Alice Phoebe",female,,0,0,W./C. 6609,7.55,,S
223,224,0,3,"Nenkoff, Mr. Christo",male,,0,0,349234,7.8958,,S
629,630,0,3,"O'Connell, Mr. Patrick D",male,,0,0,334912,7.7333,,Q
324,325,0,3,"Sage, Mr. George John Jr",male,,8,2,CA. 2343,69.55,,S
494,495,0,3,"Stanley, Mr. Edward Roland",male,21.0,0,0,A/4 45380,8.05,,S
835,836,1,1,"Compton, Miss. Sara Rebecca",female,39.0,1,1,PC 17756,83.1583,E49,C
708,709,1,1,"Cleaver, Miss. Alice",female,22.0,0,0,113781,151.55,,S
239,240,0,2,"Hunt, Mr. George Henry",male,33.0,0,0,SCO/W 1585,12.275,,S
137,138,0,1,"Futrelle, Mr. Jacques Heath",male,37.0,1,0,113803,53.1,C123,S
336,337,0,1,"Pears, Mr. Thomas Clinton",male,29.0,1,0,113776,66.6,C2,S
220,221,1,3,"Sunderland, Mr. Victor Francis",male,16.0,0,0,SOTON/OQ 392089,8.05,,S
303,304,1,2,"Keane, Miss. Nora A",female,,0,0,226593,12.35,E101,Q
190,191,1,2,"Pinsky, Mrs. (Rosa)",female,32.0,0,0,234604,13.0,,S
203,204,0,3,"Youseff, Mr. Gerious",male,45.5,0,0,2628,7.225,,C
243,244,0,3,"Maenpaa, Mr. Matti Alexanteri",male,22.0,0,0,STON/O 2. 3101275,7.125,,S
693,694,0,3,"Saad, Mr. Khalil",male,25.0,0,0,2672,7.225,,C
112,113,0,3,"Barton, Mr. David John",male,22.0,0,0,324669,8.05,,S
62,63,0,1,"Harris, Mr. Henry Birkhardt",male,45.0,1,0,36973,83.475,C83,S
4,5,0,3,"Allen, Mr. William Henry",male,35.0,0,0,373450,8.05,,S
522,523,0,3,"Lahoud, Mr. Sarkis",male,,0,0,2624,7.225,,C
613,614,0,3,"Horgan, Mr. John",male,,0,0,370377,7.75,,Q
90,91,0,3,"Christmann, Mr. Emil",male,29.0,0,0,343276,8.05,,S
390,391,1,1,"Carter, Mr. William Ernest",male,36.0,1,2,113760,120.0,B96 B98,S
284,285,0,1,"Smith, Mr. Richard William",male,,0,0,113056,26.0,A19,S
427,428,1,2,"Phillips, Miss. Kate Florence (""Mrs Kate Louise Phillips Marshall"")",female,19.0,0,0,250655,26.0,,S
97,98,1,1,"Greenfield, Mr. William Bertram",male,23.0,0,1,PC 17759,63.3583,D10 D12,C
134,135,0,2,"Sobey, Mr. Samuel James Hayden",male,25.0,0,0,C.A. 29178,13.0,,S
748,749,0,1,"Marvin, Mr. Daniel Warner",male,19.0,1,0,113773,53.1,D30,S
632,633,1,1,"Stahelin-Maeglin, Dr. Max",male,32.0,0,0,13214,30.5,B50,C
460,461,1,1,"Anderson, Mr. Harry",male,48.0,0,0,19952,26.55,E12,S
355,356,0,3,"Vanden Steen, Mr. Leo Peter",male,28.0,0,0,345783,9.5,,S
443,444,1,2,"Reynaldo, Ms. Encarnacion",female,28.0,0,0,230434,13.0,,S
77,78,0,3,"Moutal, Mr. Rahamin Haim",male,,0,0,374746,8.05,,S
188,189,0,3,"Bourke, Mr. John",male,40.0,1,1,364849,15.5,,Q
406,407,0,3,"Widegren, Mr. Carl/Charles Peter",male,51.0,0,0,347064,7.75,,S
552,553,0,3,"O'Brien, Mr. Timothy",male,,0,0,330979,7.8292,,Q
44,45,1,3,"Devaney, Miss. Margaret Delia",female,19.0,0,0,330958,7.8792,,Q
56,57,1,2,"Rugg, Miss. Emily",female,21.0,0,0,C.A. 31026,10.5,,S
848,849,0,2,"Harper, Rev. John",male,28.0,0,1,248727,33.0,,S
874,875,1,2,"Abelson, Mrs. Samuel (Hannah Wizosky)",female,28.0,1,0,P/PP 3381,24.0,,C
125,126,1,3,"Nicola-Yarred, Master. Elias",male,12.0,1,0,2651,11.2417,,C
783,784,0,3,"Johnston, Mr. Andrew G",male,,1,2,W./C. 6607,23.45,,S
437,438,1,2,"Richards, Mrs. Sidney (Emily Hocking)",female,24.0,2,3,29106,18.75,,S
634,635,0,3,"Skoog, Miss. Mabel",female,9.0,3,2,347088,27.9,,S
883,884,0,2,"Banfield, Mr. Frederick James",male,28.0,0,0,C.A./SOTON 34068,10.5,,S
309,310,1,1,"Francatelli, Miss. Laura Mabel",female,30.0,0,0,PC 17485,56.9292,E36,C
318,319,1,1,"Wick, Miss. Mary Natalie",female,31.0,0,2,36928,164.8667,C7,S
225,226,0,3,"Berglund, Mr. Karl Ivar Sven",male,22.0,0,0,PP 4348,9.35,,S
499,500,0,3,"Svensson, Mr. Olof",male,24.0,0,0,350035,7.7958,,S
625,626,0,1,"Sutton, Mr. Frederick",male,61.0,0,0,36963,32.3208,D50,S
840,841,0,3,"Alhomaki, Mr. Ilmari Rudolf",male,20.0,0,0,SOTON/O2 3101287,7.925,,S
546,547,1,2,"Beane, Mrs. Edward (Ethel Clarke)",female,19.0,1,0,2908,26.0,,S
549,550,1,2,"Davies, Master. John Morgan Jr",male,8.0,1,1,C.A. 33112,36.75,,S
850,851,0,3,"Andersson, Master. Sigvard Harald Elias",male,4.0,4,2,347082,31.275,,S
298,299,1,1,"Saalfeld, Mr. Adolphe",male,,0,0,19988,30.5,C106,S
865,866,1,2,"Bystrom, Mrs. (Karolina)",female,42.0,0,0,236852,13.0,,S
234,235,0,2,"Leyson, Mr. Robert William Norman",male,24.0,0,0,C.A. 29566,10.5,,S
725,726,0,3,"Oreskovic, Mr. Luka",male,20.0,0,0,315094,8.6625,,S
507,508,1,1,"Bradley, Mr. George (""George Arthur Brayton"")",male,,0,0,111427,26.55,,S
257,258,1,1,"Cherry, Miss. Gladys",female,30.0,0,0,110152,86.5,B77,S
857,858,1,1,"Daly, Mr. Peter Denis ",male,51.0,0,0,113055,26.55,E17,S
441,442,0,3,"Hampe, Mr. Leon",male,20.0,0,0,345769,9.5,,S
467,468,0,1,"Smart, Mr. John Montgomery",male,56.0,0,0,113792,26.55,,S
268,269,1,1,"Graham, Mrs. William Thompson (Edith Junkins)",female,58.0,0,1,PC 17582,153.4625,C125,S
209,210,1,1,"Blank, Mr. Henry",male,40.0,0,0,112277,31.0,A31,C
638,639,0,3,"Panula, Mrs. Juha (Maria Emilia Ojala)",female,41.0,0,5,3101295,39.6875,,S
709,710,1,3,"Moubarek, Master. Halim Gonios (""William George"")",male,,1,1,2661,15.2458,,C
416,417,1,2,"Drew, Mrs. James Vivian (Lulu Thorne Christian)",female,34.0,1,1,28220,32.5,,S
278,279,0,3,"Rice, Master. Eric",male,7.0,4,1,382652,29.125,,Q
