,PassengerId,Survived,Pclass,Name,Sex,Age,SibSp,Parch,Ticket,Fare,Cabin,Embarked
101,102,0,3,"Petroff, Mr. Pastcho (""Pentcho"")",male,,0,0,349215,7.8958,,S
104,105,0,3,"Gustafsson, Mr. Anders Vilhelm",male,37.0,2,0,3101276,7.925,,S
272,273,1,2,"Mellinger, Mrs. (Elizabeth Anne Maidment)",female,41.0,0,1,250644,19.5,,S
353,354,0,3,"Arnold-Franchi, Mr. Josef",male,25.0,1,0,349237,17.8,,S
42,43,0,3,"Kraeff, Mr. Theodor",male,,0,0,349253,7.8958,,C
198,199,1,3,"Madigan, Miss. Margaret ""Maggie""",female,,0,0,370370,7.75,,Q
411,412,0,3,"Hart, Mr. Henry",male,,0,0,394140,6.8583,,Q
500,501,0,3,"Calic, Mr. Petar",male,17.0,0,0,315086,8.6625,,S
723,724,0,2,"Hodges, Mr. Henry Price",male,50.0,0,0,250643,13.0,,S
251,252,0,3,"Strom, Mrs. Wilhelm (Elna Matilda Persson)",female,29.0,1,1,347054,10.4625,G6,S
310,311,1,1,"Hays, Miss. Margaret Bechstein",female,24.0,0,0,11767,83.1583,C54,C
697,698,1,3,"Mullens, Miss. Katherine ""Katie""",female,,0,0,35852,7.7333,,Q
489,490,1,3,"Coutts, Master. Eden Leslie ""Neville""",male,9.0,1,1,C.A. 37671,15.9,,S
502,503,0,3,"O'Sullivan, Miss. Bridget Mary",female,,0,0,330909,7.6292,,Q
417,418,1,2,"Silven, Miss. Lyyli Karoliina",female,18.0,0,2,250652,13.0,,S
24,25,0,3,"Palsson, Miss. Torborg Danira",female,8.0,3,1,349909,21.075,,S
51,52,0,3,"Nosworthy, Mr. Richard Cater",male,21.0,0,0,A/4. 39886,7.8,,S
10,11,1,3,"Sandstrom, Miss. Marguerite Rut",female,4.0,1,1,PP 9549,16.7,G6,S
435,436,1,1,"Carter, Miss. Lucile Polk",female,14.0,1,2,113760,120.0,B96 B98,S
352,353,0,3,"Elias, Mr. Tannous",male,15.0,1,1,2695,7.2292,,C
415,416,0,3,"Meek, Mrs. Thomas (Annie Louise Rowley)",female,,0,0,343095,8.05,,S
863,864,0,3,"Sage, Miss. Dorothy Edith ""Dolly""",female,,8,2,CA. 2343,69.55,,S
809,810,1,1,"Chambers, Mrs. Norman Campbell (Bertha Griggs)",female,33.0,1,0,113806,53.1,E8,S
770,771,0,3,"Lievens, Mr. Rene Aime",male,24.0,0,0,345781,9.5,,S
17,18,1,2,"Williams, Mr. Charles Eugene",male,,0,0,244373,13.0,,S
886,887,0,2,"Montvila, Rev. Juozas",male,27.0,0,0,211536,13.0,,S
50,51,0,3,"Panula, Master. Juha Niilo",male,7.0,4,1,3101295,39.6875,,S
568,569,0,3,"Doharr, Mr. Tannous",male,,0,0,2686,7.2292,,C
581,582,1,1,"Thayer, Mrs. John Borland (Marian Longstreth Morris)",female,39.0,1,1,17421,110.8833,C68,C
586,587,0,2,"Jarvis, Mr. John Denzil",male,47.0,0,0,237565,15.0,,S
493,494,0,1,"Artagaveytia, Mr. Ramon",male,71.0,0,0,PC 17609,49.5042,,C
37,38,0,3,"Cann, Mr. Ernest Charles",male,21.0,0,0,A./5. 2152,8.05,,S
781,782,1,1,"Dick, Mrs. Albert Adrian (Vera Gillespie)",female,17.0,1,0,17474,57.0,B20,S
866,867,1,2,"Duran y More, Miss. Asuncion",female,27.0,1,0,SC/PARIS 2149,13.8583,,C
712,713,1,1,"Taylor, Mr. Elmer Zebley",male,48.0,1,0,19996,52.0,C126,S
833,834,0,3,"Augustsson, Mr. Albert",male,23.0,0,0,347468,7.8542,,S
544,545,0,1,"Douglas, Mr. Walter Donald",male,50.0,1,0,PC 17761,106.425,C86,C
799,800,0,3,"Van Impe, Mrs. Jean Baptiste (Rosalie Paula Govaert)",female,30.0,1,1,345773,24.15,,S
412,413,1,1,"Minahan, Miss. Daisy E",female,33.0,1,0,19928,90.0,C78,Q
254,255,0,3,"Rosblom, Mrs. Viktor (Helena Wilhelmina)",female,41.0,0,2,370129,20.2125,,S
230,231,1,1,"Harris, Mrs. Henry Birkhardt (Irene Wallach)",female,35.0,1,0,36973,83.475,C83,S
521,522,0,3,"Vovk, Mr. Janko",male,22.0,0,0,349252,7.8958,,S
593,594,0,3,"Bourke, Miss. Mary",female,,0,2,364848,7.75,,Q
694,695,0,1,"Weir, Col. John",male,60.0,0,0,113800,26.55,,S
221,222,0,2,"Bracken, Mr. James H",male,27.0,0,0,220367,13.0,,S
255,256,1,3,"Touma, Mrs. Darwis (Hanne Youssef Razi)",female,29.0,0,2,2650,15.2458,,C
525,526,0,3,"Farrell, Mr. James",male,40.5,0,0,367232,7.75,,Q
805,806,0,3,"Johansson, Mr. Karl Johan",male,31.0,0,0,347063,7.775,,S
737,738,1,1,"Lesurer, Mr. Gustave J",male,35.0,0,0,PC 17755,512.3292,B101,C
685,686,0,2,"Laroche, Mr. Joseph Philippe Lemercier",male,25.0,1,2,SC/Paris 2123,41.5792,,C
469,470,1,3,"Baclini, Miss. Helene Barbara",female,0.75,2,1,2666,19.2583,,C
124,125,0,1,"White, Mr. Percival Wayland",male,54.0,0,1,35281,77.2875,D26,S
302,303,0,3,"Johnson, Mr. William Cahoone Jr",male,19.0,0,0,LINE,0.0,,S
401,402,0,3,"Adams, Mr. John",male,26.0,0,0,341826,8.05,,S
429,430,1,3,"Pickard, Mr. Berk (Berk Trembisky)",male,32.0,0,0,SOTON/O.Q. 392078,8.05,E10,S
545,546,0,1,"Nicholson, Mr. Arthur Ernest",male,64.0,0,0,693,26.0,,S
449,450,1,1,"Peuchen, Major. Arthur Godfrey",male,52.0,0,0,113786,30.5,C104,S
116,117,0,3,"Connors, Mr. Patrick",male,70.5,0,0,370369,7.75,,Q
141,142,1,3,"Nysten, Miss. Anna Sofia",female,22.0,0,0,347081,7.75,,S
143,144,0,3,"Burke, Mr. Jeremiah",male,19.0,0,0,365222,6.75,,Q
57,58,0,3,"Novel, Mr. Mansouer",male,28.5,0,0,2697,7.2292,,C
136,137,1,1,"Newsom, Miss. Helen Monypeny",female,19.0,0,2,11752,26.2833,D47,S
127,128,1,3,"Madsen, Mr. Fridtjof Arne",male,24.0,0,0,C 17369,7.1417,,S
626,627,0,2,"Kirkland, Rev. Charles Leonard",male,57.0,0,0,219533,12.35,,Q
0,1,0,3,"Braund, Mr. Owen Harris",male,22.0,1,0,A/5 21171,7.25,,S
769,770,0,3,"Gronnestad, Mr. Daniel Danielsen",male,32.0,0,0,8471,8.3625,,S
488,489,0,3,"Somerton, Mr. Francis William",male,30.0,0,0,A.5. 18509,8.05,,S
338,339,1,3,"Dahl, Mr. Karl Edwart",male,45.0,0,0,7598,8.05,,S
695,696,0,2,"Chapman, Mr. Charles Henry",male,52.0,0,0,248731,13.5,,S
320,321,0,3,"Dennis, Mr. Samuel",male,22.0,0,0,A/5 21172,7.25,,S
179,180,0,3,"Leonard, Mr. Lionel",male,36.0,0,0,LINE,0.0,,S
719,720,0,3,"Johnson, Mr. Malkolm Joackim",male,33.0,0,0,347062,7.775,,S
