,PassengerId,Survived,Pclass,Name,Sex,Age,SibSp,Parch,Ticket,Fare,Cabin,Embarked
146,147,1,3,"Andersson, Mr. August Edvard (""Wennerstrom"")",male,27.0,0,0,350043,7.7958,,S
811,812,0,3,"Lester, Mr. James",male,39.0,0,0,A/4 48871,24.15,,S
426,427,1,2,"Clarke, Mrs. Charles V (Ada Maria Winfield)",female,28.0,1,0,2003,26.0,,S
542,543,0,3,"Andersson, Miss. Sigrid Elisabeth",female,11.0,4,2,347082,31.275,,S
832,833,0,3,"Saad, Mr. Amin",male,,0,0,2671,7.2292,,C
792,793,0,3,"Sage, Miss. Stella Anna",female,,8,2,CA. 2343,69.55,,S
678,679,0,3,"Goodwin, Mrs. Frederick (Augusta Tyler)",female,43.0,1,6,CA 2144,46.9,,S
759,760,1,1,"Rothes, the Countess. of (Lucy Noel Martha Dyer-Edwards)",female,33.0,0,0,110152,86.5,B77,S
803,804,1,3,"Thomas, Master. Assad Alexander",male,0.42,0,1,2625,8.5167,,C
399,400,1,2,"Trout, Mrs. William H (Jessie L)",female,28.0,0,0,240929,12.65,,S
213,214,0,2,"Givard, Mr. Hans Kristensen",male,30.0,0,0,250646,13.0,,S
824,825,0,3,"Panula, Master. Urho Abraham",male,2.0,4,1,3101295,39.6875,,S
768,769,0,3,"Moran, Mr. Daniel J",male,,1,0,371110,24.15,,Q
468,469,0,3,"Scanlan, Mr. James",male,,0,0,36209,7.725,,Q
30,31,0,1,"Uruchurtu, Don. Manuel E",male,40.0,0,0,PC 17601,27.7208,,C
322,323,1,2,"Slayter, Miss. Hilda Mary",female,30.0,0,0,234818,12.35,,Q
838,839,1,3,"Chip, Mr. Chang",male,32.0,0,0,1601,56.4958,,S
470,471,0,3,"Keefe, Mr. Arthur",male,,0,0,323592,7.25,,S
346,347,1,2,"Smith, Miss. Marion Elsie",female,40.0,0,0,31418,13.0,,S
788,789,1,3,"Dean, Master. Bertram Vere",male,1.0,1,2,C.A. 2315,20.575,,S
305,306,1,1,"Allison, Master. Hudson Trevor",male,0.92,1,2,113781,151.55,C22 C26,S
620,621,0,3,"Yasbeck, Mr. Antoni",male,27.0,1,0,2659,14.4542,,C
258,259,1,1,"Ward, Miss. Anna",female,35.0,0,0,PC 17755,512.3292,,C
350,351,0,3,"Odahl, Mr. Nils Martin",male,23.0,0,0,7267,9.225,,S
205,206,0,3,"Strom, Miss. Telma Matilda",female,2.0,0,1,347054,10.4625,G6,S
1,2,1,1,"Cumings, Mrs. John Bradley (Florence Briggs Thayer)",female,38.0,1,0,PC 17599,71.2833,C85,C
428,429,0,3,"Flynn, Mr. James",male,,0,0,364851,7.75,,Q
245,246,0,1,"Minahan, Dr. William Edward",male,44.0,2,0,19928,90.0,C78,Q
519,520,0,3,"Pavlovic, Mr. Stefo",male,32.0,0,0,349242,7.8958,,S
667,668,0,3,"Rommetvedt, Mr. Knud Paust",male,,0,0,312993,7.775,,S
531,532,0,3,"Toufik, Mr. Nakli",male,,0,0,2641,7.2292,,C
875,876,1,3,"Najib, Miss. Adele Kiamie ""Jane""",female,15.0,0,0,2667,7.225,,C
161,162,1,2,"Watt, Mrs. James (Elizabeth ""Bessie"" Inglis Milne)",female,40.0,0,0,C.A. 33595,15.75,,S
464,465,0,3,"Maisner, Mr. Simon",male,,0,0,A/S 2816,8.05,,S
608,609,1,2,"Laroche, Mrs. Joseph (Juliette Marie Louise Lafargue)",female,22.0,1,2,SC/Paris 2123,41.5792,,C
93,94,0,3,"Dean, Mr. Bertram Frank",male,26.0,1,2,C.A. 2315,20.575,,S
393,394,1,1,"Newell, Miss. Marjorie",female,23.0,1,0,35273,113.275,D36,C
432,433,1,2,"Louch, Mrs. Charles Alexander (Alice Adelaide Slow)",female,42.0,1,0,SC/AH 3085,26.0,,S
842,843,1,1,"Serepeca, Miss. Augusta",female,30.0,0,0,113798,31.0,,C
765,766,1,1,"Hogeboom, Mrs. John C (Anna Andrews)",female,51.0,1,0,13502,77.9583,D11,S
609,610,1,1,"Shutes, Miss. Elizabeth W",female,40.0,0,0,PC 17582,153.4625,C125,S
681,682,1,1,"Hassab, Mr. Hammad",male,27.0,0,0,PC 17572,76.7292,D49,C
789,790,0,1,"Guggenheim, Mr. Benjamin",male,46.0,0,0,PC 17593,79.2,B82 B84,C
285,286,0,3,"Stankovic, Mr. Ivan",male,33.0,0,0,349239,8.6625,,C
888,889,0,3,"Johnston, Miss. Catherine Helen ""Carrie""",female,,1,2,W./C. 6607,23.45,,S
818,819,0,3,"Holm, Mr. John Fredrik Alexander",male,43.0,0,0,C 7075,6.45,,S
283,284,1,3,"Dorking, Mr. Edward Arthur",male,19.0,0,0,A/5. 10482,8.05,,S
339,340,0,1,"Blackwell, Mr. Stephen Weart",male,45.0,0,0,113784,35.5,T,S
292,293,0,2,"Levy, Mr. Rene Jacques",male,36.0,0,0,SC/Paris 2163,12.875,D,C
601,602,0,3,"Slabenoff, Mr. Petco",male,,0,0,349214,7.8958,,S
68,69,1,3,"Andersson, Miss. Erna Alexandra",female,17.0,4,2,3101281,7.925,,S
410,411,0,3,"Sdycoff, Mr. Todor",male,,0,0,349222,7.8958,,S
264,265,0,3,"Henry, Miss. Delia",female,,0,0,382649,7.75,,Q
829,830,1,1,"Stone, Mrs. George Nelson (Martha Evelyn)",female,62.0,0,0,113572,80.0,B28,
825,826,0,3,"Flynn, Mr. John",male,,0,0,368323,6.95,,Q
135,136,0,2,"Richard, Mr. Emile",male,23.0,0,0,SC/PARIS 2133,15.0458,,C
151,152,1,1,"Pears, Mrs. Thomas (Edith Wearne)",female,22.0,1,0,113776,66.6,C2,S
885,886,0,3,"Rice, Mrs. William (Margaret Norton)",female,39.0,0,5,382652,29.125,,Q
31,32,1,1,"Spencer, Mrs. William Augustus (Marie Eugenie)",female,,1,0,PC 17569,146.5208,B78,C
852,853,0,3,"Boulos, Miss. Nourelain",female,9.0,1,1,2678,15.2458,,C
85,86,1,3,"Backstrom, Mrs. Karl Alfred (Maria Mathilda Gustafsson)",female,33.0,3,0,3101278,15.85,,S
536,537,0,1,"Butt, Major. Archibald Willingham",male,45.0,0,0,113050,26.55,B38,S
696,697,0,3,"Kelly, Mr. James",male,44.0,0,0,363592,8.05,,S
774,775,1,2,"Hocking, Mrs. Elizabeth (Eliza Needs)",female,54.0,1,3,29105,23.0,,S
732,733,0,2,"Knight, Mr. Robert J",male,,0,0,239855,0.0,,S
806,807,0,1,"Andrews, Mr. Thomas Jr",male,39.0,0,0,112050,0.0,A36,S
72,73,0,2,"Hood, Mr. Ambrose Jr",male,21.0,0,0,S.O.C. 14879,73.5,,S
3,4,1,1,"Futrelle, Mrs. Jacques Heath (Lily May Peel)",female,35.0,1,0,113803,53.1,C123,S
96,97,0,1,"Goldschmidt, Mr. George B",male,71.0,0,0,PC 17754,34.6542,A5,C
471,472,0,3,"Cacic, Mr. Luka",male,38.0,0,0,315089,8.6625,,S
40,41,0,3,"Ahlin, Mrs. Johan (Johanna Persdotter Larsson)",female,40.0,1,0,7546,9.475,,S
