,PassengerId,Survived,Pclass,Name,Sex,Age,SibSp,Parch,Ticket,Fare,Cabin,Embarked
532,533,0,3,"Elias, Mr. Joseph Jr",male,17.0,1,1,2690,7.2292,,C
224,225,1,1,"Hoyt, Mr. Frederick Maxfield",male,38.0,1,0,19943,90.0,C93,S
304,305,0,3,"Williams, Mr. Howard Hugh ""Harry""",male,,0,0,A/5 2466,8.05,,S
830,831,1,3,"Yasbeck, Mrs. Antoni (Selini Alexander)",female,15.0,1,0,2659,14.4542,,C
845,846,0,3,"Abbing, Mr. Anthony",male,42.0,0,0,C.A. 5547,7.55,,S
252,253,0,1,"Stead, Mr. William Thomas",male,62.0,0,0,113514,26.55,C87,S
293,294,0,3,"Haas, Miss. Aloisia",female,24.0,0,0,349236,8.85,,S
771,772,0,3,"Jensen, Mr. Niels Peder",male,48.0,0,0,350047,7.8542,,S
29,30,0,3,"Todoroff, Mr. Lalio",male,,0,0,349216,7.8958,,S
330,331,1,3,"McCoy, Miss. Agnes",female,,2,0,367226,23.25,,Q
423,424,0,3,"Danbom, Mrs. Ernst Gilbert (Anna Sigrid Maria Brogren)",female,28.0,1,1,347080,14.4,,S
321,322,0,3,"Danoff, Mr. Yoto",male,27.0,0,0,349219,7.8958,,S
364,365,0,3,"O'Brien, Mr. Thomas",male,,1,0,370365,15.5,,Q
195,196,1,1,"Lurette, Miss. Elise",female,58.0,0,0,PC 17569,146.5208,B80,C
316,317,1,2,"Kantor, Mrs. Sinai (Miriam Sternin)",female,24.0,1,0,244367,26.0,,S
172,173,1,3,"Johnson, Miss. Eleanor Ileen",female,1.0,1,1,347742,11.1333,,S
596,597,1,2,"Leitch, Miss. Jessie Wills",female,,0,0,248727,33.0,,S
538,539,0,3,"Risien, Mr. Samuel Beard",male,,0,0,364498,14.5,,S
105,106,0,3,"Mionoff, Mr. Stoytcho",male,28.0,0,0,349207,7.8958,,S
332,333,0,1,"Graham, Mr. George Edward",male,38.0,0,1,PC 17582,153.4625,C91,S
148,149,0,2,"Navratil, Mr. Michel (""Louis M Hoffman"")",male,36.5,0,2,230080,26.0,F2,S
717,718,1,2,"Troutt, Miss. Edwina Celia ""Winnie""",female,27.0,0,0,34218,10.5,E101,S
424,425,0,3,"Rosblom, Mr. Viktor Richard",male,18.0,1,1,370129,20.2125,,S
249,250,0,2,"Carter, Rev. Ernest Courtenay",male,54.0,1,0,244252,26.0,,S
602,603,0,1,"Harrington, Mr. Charles H",male,,0,0,113796,42.4,,S
299,300,1,1,"Baxter, Mrs. James (Helene DeLaudeniere Chaput)",female,50.0,0,1,PC 17558,247.5208,B58 B60,C
880,881,1,2,"Shelley, Mrs. William (Imanita Parrish Hall)",female,25.0,0,1,230433,26.0,,S
215,216,1,1,"Newell, Miss. Madeleine",female,31.0,1,0,35273,113.275,D36,C
466,467,0,2,"Campbell, Mr. William",male,,0,0,239853,0.0,,S
474,475,0,3,"Strandberg, Miss. Ida Sofia",female,22.0,0,0,7553,9.8375,,S
496,497,1,1,"Eustis, Miss. Elizabeth Mussey",female,54.0,1,0,36947,78.2667,D20,C
676,677,0,3,"Sawyer, Mr. Frederick Charles",male,24.5,0,0,342826,8.05,,S
196,197,0,3,"Mernagh, Mr. Robert",male,,0,0,368703,7.75,,Q
64,65,0,1,"Stewart, Mr. Albert A",male,,0,0,PC 17605,27.7208,,C
16,17,0,3,"Rice, Master. Eugene",male,2.0,4,1,382652,29.125,,Q
307,308,1,1,"Penasco y Castellana, Mrs. Victor de Satode (Maria Josefa Perez de Soto y Vallejo)",female,17.0,1,0,PC 17758,108.9,C65,C
275,276,1,1,"Andrews, Miss. Kornelia Theodosia",female,63.0,1,0,13502,77.9583,D7,S
315,316,1,3,"Nilsson, Miss. Helmina Josefina",female,26.0,0,0,347470,7.8542,,S
820,821,1,1,"Hays, Mrs. Charles Melville (Clara Jennings Gregg)",female,52.0,1,1,12749,93.5,B69,S
641,642,1,1,"Sagesser, Mlle. Emma",female,24.0,0,0,PC 17477,69.3,B35,C
392,393,0,3,"Gustafsson, Mr. Johan Birger",male,28.0,2,0,3101277,7.925,,S
379,380,0,3,"Gustafsson, Mr. Karl Gideon",male,19.0,0,0,347069,7.775,,S
201,202,0,3,"Sage, Mr. Frederick",male,,8,2,CA. 2343,69.55,,S
565,566,0,3,"Davies, Mr. Alfred J",male,24.0,2,0,A/4 48871,24.15,,S
616,617,0,3,"Danbom, Mr. Ernst Gilbert",male,34.0,1,1,347080,14.4,,S
822,823,0,1,"Reuchlin, Jonkheer. John George",male,38.0,0,0,19972,0.0,,S
208,209,1,3,"Carr, Miss. Helen ""Ellen""",female,16.0,0,0,367231,7.75,,Q
558,559,1,1,"Taussig, Mrs. Emil (Tillie Mandelbaum)",female,39.0,1,1,110413,79.65,E67,S
492,493,0,1,"Molson, Mr. Harry Markland",male,55.0,0,0,113787,30.5,C30,S
675,676,0,3,"Edvardsson, Mr. Gustaf Hjalmar",male,18.0,0,0,349912,7.775,,S
290,291,1,1,"Barber, Miss. Ellen ""Nellie""",female,26.0,0,0,19877,78.85,,S
524,525,0,3,"Kassem, Mr. Fared",male,,0,0,2700,7.2292,,C
878,879,0,3,"Laleff, Mr. Kristo",male,,0,0,349217,7.8958,,S
327,328,1,2,"Ball, Mrs. (Ada E Hall)",female,36.0,0,0,28551,13.0,D,S
333,334,0,3,"Vander Planke, Mr. Leo Edmondus",male,16.0,2,0,345764,18.0,,S
860,861,0,3,"Hansen, Mr. Claus Peter",male,41.0,2,0,350026,14.1083,,S
114,115,0,3,"Attalah, Miss. Malake",female,17.0,0,0,2627,14.4583,,C
751,752,1,3,"Moor, Master. Meier",male,6.0,0,1,392096,12.475,E121,S
859,860,0,3,"Razi, Mr. Raihed",male,,0,0,2629,7.2292,,C
646,647,0,3,"Cor, Mr. Liudevit",male,19.0,0,0,349231,7.8958,,S
540,541,1,1,"Crosby, Miss. Harriet R",female,36.0,0,2,WE/P 5735,71.0,B22,S
183,184,1,2,"Becker, Master. Richard F",male,1.0,2,1,230136,39.0,F4,S
414,415,1,3,"Sundman, Mr. Johan Julian",male,44.0,0,0,STON/O 2. 3101269,7.925,,S
314,315,0,2,"Hart, Mr. Benjamin",male,43.0,1,1,F.C.C. 13529,26.25,,S
787,788,0,3,"Rice, Master. George Hugh",male,8.0,4,1,382652,29.125,,Q
861,862,0,2,"Giles, Mr. Frederick Edward",male,21.0,1,0,28134,11.5,,S
231,232,0,3,"Larsson, Mr. Bengt Edvin",male,29.0,0,0,347067,7.775,,S
794,795,0,3,"Dantcheff, Mr. Ristiu",male,25.0,0,0,349203,7.8958,,S
752,753,0,3,"Vande Velde, Mr. Johannes Joseph",male,33.0,0,0,345780,9.5,,S
704,705,0,3,"Hansen, Mr. Henrik Juul",male,26.0,1,0,350025,7.8542,,S
539,540,1,1,"Frolicher, Miss. Hedwig Margaritha",female,22.0,0,2,13568,49.5,B39,C
