,PassengerId,Survived,Pclass,Name,Sex,Age,SibSp,Parch,Ticket,Fare,Cabin,Embarked
391,392,1,3,"Jansson, Mr. Carl Olof",male,21.0,0,0,350034,7.7958,,S
567,568,0,3,"Palsson, Mrs. Nils (Alma Cornelia Berglund)",female,29.0,0,4,349909,21.075,,S
890,891,0,3,"Dooley, Mr. Patrick",male,32.0,0,0,370376,7.75,,Q
140,141,0,3,"Boulos, Mrs. Joseph (Sultana)",female,,0,2,2678,15.2458,,C
817,818,0,2,"Mallet, Mr. Albert",male,31.0,1,1,S.C./PARIS 2079,37.0042,,C
447,448,1,1,"Seward, Mr. Frederic Kimber",male,34.0,0,0,113794,26.55,,S
511,512,0,3,"Webber, Mr. James",male,,0,0,SOTON/OQ 3101316,8.05,,S
477,478,0,3,"Braund, Mr. Lewis Richard",male,29.0,1,0,3460,7.0458,,S
778,779,0,3,"Kilgannon, Mr. Thomas J",male,,0,0,36865,7.7375,,Q
329,330,1,1,"Hippach, Miss. Jean Gertrude",female,16.0,0,1,111361,57.9792,B18,C
672,673,0,2,"Mitchell, Mr. Henry Michael",male,70.0,0,0,C.A. 24580,10.5,,S
380,381,1,1,"Bidois, Miss. Rosalie",female,42.0,0,0,PC 17757,227.525,,C
164,165,0,3,"Panula, Master. Eino Viljami",male,1.0,4,1,3101295,39.6875,,S
88,89,1,1,"Fortune, Miss. Mabel Helen",female,23.0,3,2,19950,263.0,C23 C25 C27,S
804,805,1,3,"Hedman, Mr. Oskar Arvid",male,27.0,0,0,347089,6.975,,S
572,573,1,1,"Flynn, Mr. John Irwin (""Irving"")",male,36.0,0,0,PC 17474,26.3875,E25,S
595,596,0,3,"Van Impe, Mr. Jean Baptiste",male,36.0,1,1,345773,24.15,,S
60,61,0,3,"Sirayanian, Mr. Orsen",male,22.0,0,0,2669,7.2292,,C
81,82,1,3,"Sheerlinck, Mr. Jan Baptist",male,29.0,0,0,345779,9.5,,S
877,878,0,3,"Petroff, Mr. Nedelio",male,19.0,0,0,349212,7.8958,,S
739,740,0,3,"Nankoff, Mr. Minko",male,,0,0,349218,7.8958,,S
308,309,0,2,"Abelson, Mr. Samuel",male,30.0,1,0,P/PP 3381,24.0,,C
156,157,1,3,"Gilnagh, Miss. Katherine ""Katie""",female,16.0,0,0,35851,7.7333,,Q
19,20,1,3,"Masselmani, Mrs. Fatima",female,,0,0,2649,7.225,,C
587,588,1,1,"Frolicher-Stehli, Mr. Maxmillian",male,60.0,1,1,13567,79.2,B41,C
200,201,0,3,"Vande Walle, Mr. Nestor Cyriel",male,28.0,0,0,345770,9.5,,S
815,816,0,1,"Fry, Mr. Richard",male,,0,0,112058,0.0,B102,S
398,399,0,2,"Pain, Dr. Alfred",male,23.0,0,0,244278,10.5,,S
366,367,1,1,"Warren, Mrs. Frank Manley (Anna Sophia Atkinson)",female,60.0,1,0,110813,75.25,D37,C
418,419,0,2,"Matthews, Mr. William John",male,30.0,0,0,28228,13.0,,S
334,335,1,1,"Frauenthal, Mrs. Henry William (Clara Heinsheimer)",female,,1,0,PC 17611,133.65,,S
385,386,0,2,"Davies, Mr. Charles Henry",male,18.0,0,0,S.O.C. 14879,73.5,,S
400,401,1,3,"Niskanen, Mr. Juha",male,39.0,0,0,STON/O 2. 3101289,7.925,,S
95,96,0,3,"Shorney, Mr. Charles Joseph",male,,0,0,374910,8.05,,S
720,721,1,2,"Harper, Miss. Annie Jessie ""Nina""",female,6.0,0,1,248727,33.0,,S
749,750,0,3,"Connaghton, Mr. Michael",male,31.0,0,0,335097,7.75,,Q
404,405,0,3,"Oreskovic, Miss. Marija",female,20.0,0,0,315096,8.6625,,S
767,768,0,3,"Mangan, Miss. Mary",female,30.5,0,0,364850,7.75,,Q
758,759,0,3,"Theobald, Mr. Thomas Leonard",male,34.0,0,0,363294,8.05,,S
520,521,1,1,"Perreault, Miss. Anne",female,30.0,0,0,12749,93.5,B73,S
772,773,0,2,"Mack, Mrs. (Mary)",female,57.0,0,0,S.O./P.P. 3,10.5,E77,S
516,517,1,2,"Lemore, Mrs. (Amelia Milley)",female,34.0,0,0,C.A. 34260,10.5,F33,S
120,121,0,2,"Hickman, Mr. Stanley George",male,21.0,2,0,S.O.C. 14879,73.5,,S
128,129,1,3,"Peter, Miss. Anna",female,,1,1,2668,22.3583,F E69,C
652,653,0,3,"Kalvik, Mr. Johannes Halvorsen",male,21.0,0,0,8475,8.4333,,S
844,845,0,3,"Culumovic, Mr. Jeso",male,17.0,0,0,315090,8.6625,,S
761,762,0,3,"Nirva, Mr. Iisakki Antino Aijo",male,41.0,0,0,SOTON/O2 3101272,7.125,,S
560,561,0,3,"Morrow, Mr. Thomas Rowan",male,,0,0,372622,7.75,,Q
628,629,0,3,"Bostandyeff, Mr. Guentcho",male,26.0,0,0,349224,7.8958,,S
535,536,1,2,"Hart, Miss. Eva Miriam",female,7.0,0,2,F.C.C. 13529,26.25,,S
711,712,0,1,"Klaber, Mr. Herman",male,,0,0,113028,26.55,C124,S
887,888,1,1,"Graham, Miss. Margaret Edith",female,19.0,0,0,112053,30.0,B42,S
724,725,1,1,"Chambers, Mr. Norman Campbell",male,27.0,1,0,113806,53.1,E8,S
559,560,1,3,"de Messemaeker, Mrs. Guillaume Joseph (Emma)",female,36.0,1,0,345572,17.4,,S
306,307,1,1,"Fleming, Miss. Margaret",female,,0,0,17421,110.8833,,C
382,383,0,3,"Tikkanen, Mr. Juho",male,32.0,0,0,STON/O 2. 3101293,7.925,,S
78,79,1,2,"Caldwell, Master. Alden Gates",male,0.83,0,2,248738,29.0,,S
703,704,0,3,"Gallagher, Mr. Martin",male,25.0,0,0,36864,7.7417,,Q
375,376,1,1,"Meyer, Mrs. Edgar Joseph (Leila Saks)",female,,1,0,PC 17604,82.1708,,C
354,355,0,3,"Yousif, Mr. Wazli",male,,0,0,2647,7.225,,C
651,652,1,2,"Doling, Miss. Elsie",female,18.0,0,1,231919,23.0,,S
797,798,1,3,"Osman, Mrs. Mara",female,31.0,0,0,349244,8.6833,,S
84,85,1,2,"Ilett, Miss. Bertha",female,17.0,0,0,SO/C 14885,10.5,,S
122,123,0,2,"Nasser, Mr. Nicholas",male,32.5,1,0,237736,30.0708,,C
743,744,0,3,"McNamee, Mr. Neal",male,24.0,1,0,376566,16.1,,S
372,373,0,3,"Beavan, Mr. William Thomas",male,19.0,0,0,323951,8.05,,S
554,555,1,3,"Ohman, Miss. Velin",female,22.0,0,0,347085,7.775,,S
219,220,0,2,"Harris, Mr. Walter",male,30.0,0,0,W/C 14208,10.5,,S
71,72,0,3,"Goodwin, Miss. Lillian Amy",female,16.0,5,2,CA 2144,46.9,,S
291,292,1,1,"Bishop, Mrs. Dickinson H (Helen Walton)",female,19.0,1,0,11967,91.0792,B49,C
15,16,1,2,"Hewlett, Mrs. (Mary D Kingcome) ",female,55.0,0,0,248706,16.0,,S
