,PassengerId,Survived,Pclass,Name,Sex,Age,SibSp,Parch,Ticket,Fare,Cabin,Embarked
368,369,1,3,"Jermyn, Miss. Annie",female,,0,0,14313,7.75,,Q
557,558,0,1,"Robbins, Mr. Victor",male,,0,0,PC 17757,227.525,,C
687,688,0,3,"Dakic, Mr. Branko",male,19.0,0,0,349228,10.1708,,S
279,280,1,3,"Abbott, Mrs. Stanton (Rosa Hunt)",female,35.0,1,1,C.A. 2673,20.25,,S
458,459,1,2,"Toomey, Miss. Ellen",female,50.0,0,0,F.C.C. 13531,10.5,,S
145,146,0,2,"Nicholls, Mr. Joseph Charles",male,19.0,1,1,C.A. 33112,36.75,,S
438,439,0,1,"Fortune, Mr. Mark",male,64.0,1,4,19950,263.0,C23 C25 C27,S
517,518,0,3,"Ryan, Mr. Patrick",male,,0,0,371110,24.15,,Q
240,241,0,3,"Zabour, Miss. Thamine",female,,1,0,2665,14.4542,,C
28,29,1,3,"O'Dwyer, Miss. Ellen ""Nellie""",female,,0,0,330959,7.8792,,Q
726,727,1,2,"Renouf, Mrs. Peter Henry (Lillian Jefferys)",female,30.0,3,0,31027,21.0,,S
839,840,1,1,"Marechal, Mr. Pierre",male,,0,0,11774,29.7,C47,C
483,484,1,3,"Turkula, Mrs. (Hedwig)",female,63.0,0,0,4134,9.5875,,S
177,178,0,1,"Isham, Miss. Ann Elizabeth",female,50.0,0,0,PC 17595,28.7125,C49,C
331,332,0,1,"Partner, Mr. Austen",male,45.5,0,0,113043,28.5,C124,S
650,651,0,3,"Mitkoff, Mr. Mito",male,,0,0,349221,7.8958,,S
39,40,1,3,"Nicola-Yarred, Miss. Jamila",female,14.0,1,0,2651,11.2417,,C
777,778,1,3,"Emanuel, Miss. Virginia Ethel",female,5.0,0,0,364516,12.475,,S
598,599,0,3,"Boulos, Mr. Hanna",male,,0,0,2664,7.225,,C
369,370,1,1,"Aubart, Mme. Leontine Pauline",female,24.0,0,0,PC 17477,69.3,B35,C
564,565,0,3,"Meanwell, Miss. (Marion Ogden)",female,,0,0,SOTON/O.Q. 392087,8.05,,S
798,799,0,3,"Ibrahim Shawah, Mr. Yousseff",male,30.0,0,0,2685,7.2292,,C
736,737,0,3,"Ford, Mrs. Edward (Margaret Ann Watson)",female,48.0,1,3,W./C. 6608,34.375,,S
113,114,0,3,"Jussila, Miss. Katriina",female,20.0,1,0,4136,9.825,,S
699,700,0,3,"Humblen, Mr. Adolf Mathias Nicolai Olsen",male,42.0,0,0,348121,7.65,F G63,S
121,122,0,3,"Moore, Mr. Leonard Charles",male,,0,0,A4. 54510,8.05,,S
403,404,0,3,"Hakkarainen, Mr. Pekka Pietari",male,28.0,1,0,STON/O2. 3101279,15.85,,S
204,205,1,3,"Cohen, Mr. Gurshon ""Gus""",male,18.0,0,0,A/5 3540,8.05,,S
123,124,1,2,"Webber, Miss. Susan",female,32.5,0,0,27267,13.0,E101,S
451,452,0,3,"Hagland, Mr. Ingvald Olai Olsen",male,,1,0,65303,19.9667,,S
482,483,0,3,"Rouse, Mr. Richard Henry",male,50.0,0,0,A/5 3594,8.05,,S
575,576,0,3,"Patchett, Mr. George",male,19.0,0,0,358585,14.5,,S
701,702,1,1,"Silverthorne, Mr. Spencer Victor",male,35.0,0,0,PC 17475,26.2875,E24,S
790,791,0,3,"Keane, Mr. Andrew ""Andy""",male,,0,0,12460,7.75,,Q
436,437,0,3,"Ford, Miss. Doolina Margaret ""Daisy""",female,21.0,2,2,W./C. 6608,34.375,,S
597,598,0,3,"Johnson, Mr. Alfred",male,49.0,0,0,LINE,0.0,,S
827,828,1,2,"Mallet, Master. Andre",male,1.0,0,2,S.C./PARIS 2079,37.0042,,C
662,663,0,1,"Colley, Mr. Edward Pomeroy",male,47.0,0,0,5727,25.5875,E58,S
561,562,0,3,"Sivic, Mr. Husein",male,40.0,0,0,349251,7.8958,,S
388,389,0,3,"Sadlier, Mr. Matthew",male,,0,0,367655,7.7292,,Q
514,515,0,3,"Coleff, Mr. Satio",male,24.0,0,0,349209,7.4958,,S
753,754,0,3,"Jonkoff, Mr. Lalio",male,23.0,0,0,349204,7.8958,,S
475,476,0,1,"Clifford, Mr. George Quincy",male,,0,0,110465,52.0,A14,S
791,792,0,2,"Gaskell, Mr. Alfred",male,16.0,0,0,239865,26.0,,S
118,119,0,1,"Baxter, Mr. Quigg Edmond",male,24.0,0,1,PC 17558,247.5208,B58 B60,C
119,120,0,3,"Andersson, Miss. Ellis Anna Maria",female,2.0,4,2,347082,31.275,,S
106,107,1,3,"Salkjelsvik, Miss. Anna Kristine",female,21.0,0,0,343120,7.65,,S
630,631,1,1,"Barkworth, Mr. Algernon Henry Wilson",male,80.0,0,0,27042,30.0,A23,S
212,213,0,3,"Perkin, Mr. John Henry",male,22.0,0,0,A/5 21174,7.25,,S
457,458,1,1,"Kenyon, Mrs. Frederick R (Marion)",female,,1,0,17464,51.8625,D21,S
746,747,0,3,"Abbott, Mr. Rossmore Edward",male,16.0,1,1,C.A. 2673,20.25,,S
345,346,1,2,"Brown, Miss. Amelia ""Mildred""",female,24.0,0,0,248733,13.0,F33,S
683,684,0,3,"Goodwin, Mr. Charles Edward",male,14.0,5,2,CA 2144,46.9,,S
328,329,1,3,"Goldsmith, Mrs. Frank John (Emily Alice Brown)",female,31.0,1,1,363291,20.525,,S
233,234,1,3,"Asplund, Miss. Lillian Gertrud",female,5.0,4,2,347077,31.3875,,S
847,848,0,3,"Markoff, Mr. Marin",male,35.0,0,0,349213,7.8958,,C
297,298,0,1,"Allison, Miss. Helen Loraine",female,2.0,1,2,113781,151.55,C22 C26,S
22,23,1,3,"McGowan, Miss. Anna ""Annie""",female,15.0,0,0,330923,8.0292,,Q
92,93,0,1,"Chaffee, Mr. Herbert Fuller",male,46.0,1,0,W.E.P. 5734,61.175,E31,S
377,378,0,1,"Widener, Mr. Harry Elkins",male,27.0,0,2,113503,211.5,C82,C
485,486,0,3,"Lefebre, Miss. Jeannie",female,,3,1,4133,25.4667,,S
271,272,1,3,"Tornquist, Mr. William Henry",male,25.0,0,0,LINE,0.0,,S
371,372,0,3,"Wiklund, Mr. Jakob Alfred",male,18.0,1,0,3101267,6.4958,,S
202,203,0,3,"Johanson, Mr. Jakob Alfred",male,34.0,0,0,3101264,6.4958,,S
503,504,0,3,"Laitinen, Miss. Kristina Sofia",female,37.0,0,0,4135,9.5875,,S
741,742,0,1,"Cavendish, Mr. Tyrell William",male,36.0,1,0,19877,78.85,C46,S
319,320,1,1,"Spedden, Mrs. Frederic Oakley (Margaretta Corning Stone)",female,40.0,1,1,16966,134.5,E34,C
513,514,1,1,"Rothschild, Mrs. Martin (Elizabeth L. Barrett)",female,54.0,1,0,PC 17603,59.4,,C
689,690,1,1,"Madill, Miss. Georgette Alexandra",female,15.0,0,1,24160,211.3375,B5,S
550,551,1,1,"Thayer, Mr. John Borland Jr",male,17.0,0,2,17421,110.8833,C70,C
691,692,1,3,"Karun, Miss. Manca",female,4.0,0,1,349256,13.4167,,C
8,9,1,3,"Johnson, Mrs. Oscar W (Elisabeth Vilhelmina Berg)",female,27.0,0,2,347742,11.1333,,S
